symbol,timeframe,open_time,close_time,open,high,low,close,volume,trades
BTCUSDT,1w,1502668800000,1503273599999,4261.48000000,4485.39000000,3850.00000000,4086.29000000,2843.43142600,13134
BTCUSDT,1w,1503273600000,1503878399999,4069.13000000,4453.91000000,3400.00000000,4310.01000000,4599.39662900,37826
BTCUSDT,1w,1503878400000,1504483199999,4310.01000000,4939.19000000,4124.54000000,4509.08000000,4753.84337600,35717
BTCUSDT,1w,1504483200000,1505087999999,4505.00000000,4788.59000000,3603.00000000,4130.37000000,6382.78774500,42372
BTCUSDT,1w,1505088000000,1505692799999,4153.62000000,4394.59000000,2817.00000000,3699.99000000,8106.70512700,50423
BTCUSDT,1w,1505692800000,1506297599999,3690.00000000,4123.20000000,3505.55000000,3660.02000000,5908.32335000,56785
BTCUSDT,1w,1506297600000,1506902399999,3660.02000000,4406.52000000,3653.69000000,4378.48000000,5782.30542400,71484
BTCUSDT,1w,1506902400000,1507507199999,4400.00000000,4658.00000000,4110.00000000,4640.00000000,4708.27295600,59658
BTCUSDT,1w,1507507200000,1508111999999,4640.00000000,5922.30000000,4550.00000000,5709.99000000,7913.92583700,61638
BTCUSDT,1w,1508112000000,1508716799999,5710.00000000,6171.00000000,5037.95000000,5950.02000000,12157.76944700,75969
BTCUSDT,1w,1508716800000,1509321599999,5975.00000000,6189.88000000,5286.98000000,6169.98000000,13133.99457000,74778
BTCUSDT,1w,1509321600000,1509926399999,6133.01000000,7590.25000000,6030.00000000,7345.01000000,11663.20964800,98387
BTCUSDT,1w,1509926400000,1510531199999,7345.10000000,7770.02000000,5325.01000000,5811.03000000,18916.31990000,132654
BTCUSDT,1w,1510531200000,1511135999999,5839.94000000,8123.15000000,5699.99000000,8038.00000000,19791.10101100,107207
BTCUSDT,1w,1511136000000,1511740799999,8057.11000000,9350.00000000,7801.00000000,9128.02000000,28921.85979200,129930
BTCUSDT,1w,1511740800000,1512345599999,9128.00000000,11825.00000000,8520.00000000,11165.41000000,48427.94965000,232180
BTCUSDT,1w,1512345600000,1512950399999,11165.41000000,17204.99000000,10802.00000000,14899.98000000,72469.97762700,393420
BTCUSDT,1w,1512950400000,1513555199999,14946.26000000,19798.68000000,14666.56000000,18860.02000000,67851.48621500,539238
BTCUSDT,1w,1513555200000,1514159999999,18860.04000000,19300.00000000,10961.00000000,13500.00000000,135385.44032200,1007841
BTCUSDT,1w,1514160000000,1514764799999,13500.00000000,16498.05000000,11750.00000000,13716.36000000,116522.75432100,1040980
BTCUSDT,1w,1514764800000,1515369599999,13715.65000000,17176.24000000,12750.00000000,16150.03000000,120239.39935900,1087900
BTCUSDT,1w,1515369600000,1515974399999,16218.85000000,16322.30000000,11400.00000000,13474.99000000,137537.90456500,1176645
BTCUSDT,1w,1515974400000,1516579199999,13477.98000000,14249.99000000,9035.00000000,11530.00000000,303127.50213700,2359135
BTCUSDT,1w,1516579200000,1517183999999,11530.00000000,12244.00000000,9900.24000000,11879.95000000,198030.05111700,1961464
BTCUSDT,1w,1517184000000,1517788799999,11879.95000000,11975.02000000,7930.00000000,8184.81000000,202016.40775900,2082917
BTCUSDT,1w,1517788800000,1518393599999,8179.99000000,9065.78000000,6000.01000000,8063.88000000,340794.29213100,3182111
BTCUSDT,1w,1518393600000,1518998399999,8063.82000000,11274.00000000,8053.00000000,10383.43000000,311863.06813700,3359228
BTCUSDT,1w,1518998400000,1519603199999,10375.01000000,11786.01000000,9274.80000000,9590.00000000,350623.13291100,2886657
BTCUSDT,1w,1519603200000,1520207999999,9590.00000000,11565.00000000,9350.00000000,11515.00000000,183970.99761400,1604626
BTCUSDT,1w,1520208000000,1520812799999,11515.00000000,11710.00000000,8329.00000000,9533.57000000,282035.22538200,2232004
BTCUSDT,1w,1520812800000,1521417599999,9533.57000000,9888.88000000,7322.00000000,8189.99000000,315835.15160600,2450216
BTCUSDT,1w,1521417600000,1522022399999,8189.00000000,9177.01000000,8088.40000000,8470.15000000,285211.53951100,1993351
BTCUSDT,1w,1522022400000,1522627199999,8470.14000000,8514.89000000,6430.00000000,6813.01000000,308729.49203100,2021451
BTCUSDT,1w,1522627200000,1523231999999,6813.01000000,7520.00000000,6500.00000000,7018.00000000,232320.07049900,1464142
BTCUSDT,1w,1523232000000,1523836799999,7011.04000000,8429.54000000,6611.00000000,8355.00000000,259877.02241400,1648802
BTCUSDT,1w,1523836800000,1524441599999,8355.07000000,9035.00000000,7825.40000000,8787.02000000,233025.38619000,1643201
BTCUSDT,1w,1524441600000,1525046399999,8785.70000000,9759.82000000,8651.62000000,9419.00000000,306668.07214000,2118018
BTCUSDT,1w,1525046400000,1525651199999,9417.04000000,10020.00000000,8800.49000000,9659.01000000,222274.38854000,1677081
BTCUSDT,1w,1525651200000,1526255999999,9661.02000000,9689.67000000,8153.00000000,8679.71000000,224151.29875100,1724758
BTCUSDT,1w,1526256000000,1526860799999,8679.71000000,8879.99000000,7911.90000000,8526.98000000,182713.82601200,1744095
BTCUSDT,1w,1526860800000,1527465599999,8526.97000000,8595.31000000,7231.11000000,7338.99000000,190894.60093900,1586528
BTCUSDT,1w,1527465600000,1528070399999,7338.99000000,7786.69000000,7032.95000000,7714.26000000,211929.27076600,1930065
BTCUSDT,1w,1528070400000,1528675199999,7714.26000000,7765.00000000,6622.81000000,6764.99000000,211352.73747800,2117420
BTCUSDT,1w,1528675200000,1529279999999,6765.00000000,6922.00000000,6118.68000000,6449.61000000,234080.84117100,1406168
BTCUSDT,1w,1529280000000,1529884799999,6444.06000000,6841.74000000,5750.00000000,6136.97000000,234147.62101500,1413795
BTCUSDT,1w,1529884800000,1530489599999,6137.95000000,6528.99000000,5780.00000000,6356.81000000,207746.55900600,1214054
BTCUSDT,1w,1530489600000,1531094399999,6360.82000000,6818.16000000,6271.62000000,6712.10000000,211526.01905800,1322891
BTCUSDT,1w,1531094400000,1531699199999,6712.10000000,6802.06000000,6070.00000000,6353.01000000,192452.84988000,1007888
BTCUSDT,1w,1531699200000,1532303999999,6354.15000000,7700.00000000,6330.40000000,7394.79000000,294313.22260400,1602460
BTCUSDT,1w,1532304000000,1532908799999,7394.78000000,8491.77000000,7375.00000000,8211.00000000,288666.04714100,1575619
BTCUSDT,1w,1532908800000,1533513599999,8210.99000000,8273.00000000,6882.29000000,7024.19000000,282090.10358400,1404398
BTCUSDT,1w,1533513600000,1534118399999,7024.19000000,7160.00000000,5971.00000000,6308.33000000,334426.55074300,1694989
BTCUSDT,1w,1534118400000,1534723199999,6308.56000000,6620.00000000,5880.00000000,6477.53000000,378189.29648700,1813570
BTCUSDT,1w,1534723200000,1535327999999,6477.53000000,6882.54000000,6220.00000000,6700.00000000,286906.53931100,1365251
BTCUSDT,1w,1535328000000,1535932799999,6700.00000000,7345.45000000,6646.50000000,7302.01000000,294674.91300500,1542804
BTCUSDT,1w,1535932800000,1536537599999,7302.00000000,7410.00000000,6111.00000000,6250.81000000,306231.62342400,1498673
BTCUSDT,1w,1536537600000,1537142399999,6252.26000000,6584.99000000,6169.68000000,6505.00000000,227428.18285400,1205506
BTCUSDT,1w,1537142400000,1537747199999,6500.08000000,6839.03000000,6123.00000000,6708.00000000,244256.49012100,1324448
BTCUSDT,1w,1537747200000,1538351999999,6706.81000000,6814.80000000,6325.02000000,6626.57000000,242598.87247100,1308413
BTCUSDT,1w,1538352000000,1538956799999,6626.57000000,6697.00000000,6430.00000000,6615.26000000,141836.47648300,756048
BTCUSDT,1w,1538956800000,1539561599999,6615.26000000,6715.60000000,6205.00000000,6339.34000000,166310.81354400,943296
BTCUSDT,1w,1539561600000,1540166399999,6339.34000000,7680.00000000,6300.00000000,6590.11000000,211592.62313900,1219900
BTCUSDT,1w,1540166400000,1540771199999,6590.12000000,6639.00000000,6453.00000000,6489.93000000,75328.88538500,591416
BTCUSDT,1w,1540771200000,1541375999999,6489.93000000,6525.00000000,6245.02000000,6485.85000000,71945.40060700,751373
BTCUSDT,1w,1541376000000,1541980799999,6485.85000000,6615.15000000,6355.00000000,6449.81000000,76161.78188000,874399
BTCUSDT,1w,1541980800000,1542585599999,6450.71000000,6498.00000000,5403.42000000,5662.00000000,205081.18393800,1444633
BTCUSDT,1w,1542585600000,1543190399999,5661.94000000,5664.00000000,3652.66000000,4085.78000000,496323.79998000,2388695
BTCUSDT,1w,1543190400000,1543795199999,4088.69000000,4450.38000000,3689.12000000,4161.01000000,479459.91410100,2077042
BTCUSDT,1w,1543795200000,1544399999999,4160.55000000,4179.00000000,3222.00000000,3545.37000000,406435.81785400,1782210
BTCUSDT,1w,1544400000000,1545004799999,3548.49000000,3610.00000000,3156.26000000,3228.67000000,249791.79078700,1117299
BTCUSDT,1w,1545004800000,1545609599999,3229.22000000,4139.99000000,3216.00000000,3929.71000000,489096.74115800,2458532
BTCUSDT,1w,1545609600000,1546214399999,3929.71000000,4198.00000000,3535.00000000,3801.91000000,332161.25544200,2002072
BTCUSDT,1w,1546214400000,1546819199999,3803.12000000,4027.71000000,3630.33000000,3987.60000000,214860.90624200,1399286
BTCUSDT,1w,1546819200000,1547423999999,3987.62000000,4069.80000000,3441.30000000,3476.81000000,245887.27794800,1671905
BTCUSDT,1w,1547424000000,1548028799999,3477.56000000,3720.00000000,3467.02000000,3539.28000000,199395.79296500,1441654
BTCUSDT,1w,1548028800000,1548633599999,3539.26000000,3662.94000000,3434.85000000,3550.84000000,154566.45086100,1163997
BTCUSDT,1w,1548633600000,1549238399999,3550.05000000,3557.75000000,3349.92000000,3458.11000000,186574.10542300,1288715
BTCUSDT,1w,1549238400000,1549843199999,3458.11000000,3733.58000000,3373.10000000,3680.06000000,198350.67398800,1313535
BTCUSDT,1w,1549843200000,1550447999999,3679.75000000,3700.11000000,3568.11000000,3667.58000000,167995.80513900,1174687
BTCUSDT,1w,1550448000000,1551052799999,3667.62000000,4198.00000000,3655.00000000,3743.56000000,301384.22226000,2007272
BTCUSDT,1w,1551052800000,1551657599999,3743.56000000,3888.00000000,3677.17000000,3807.75000000,190343.24672600,1369483
BTCUSDT,1w,1551657600000,1552262399999,3807.32000000,3971.75000000,3670.69000000,3916.82000000,207833.42997000,1353003
BTCUSDT,1w,1552262400000,1552867199999,3915.99000000,4056.98000000,3810.43000000,3981.14000000,185620.34481300,1303041
BTCUSDT,1w,1552867200000,1553471999999,3981.85000000,4069.32000000,3880.01000000,3992.18000000,156283.26348300,1144351
BTCUSDT,1w,1553472000000,1554076799999,3991.35000000,4140.00000000,3888.71000000,4103.95000000,178114.87504900,1291861
BTCUSDT,1w,1554076800000,1554681599999,4102.44000000,5275.01000000,4067.00000000,5170.27000000,420989.96873800,2752257
BTCUSDT,1w,1554681600000,1555286399999,5170.27000000,5422.00000000,4861.22000000,5131.30000000,247866.40740500,1730890
BTCUSDT,1w,1555286400000,1555891199999,5131.28000000,5333.42000000,4950.00000000,5256.14000000,168555.91174500,1265816
BTCUSDT,1w,1555891200000,1556495999999,5257.41000000,5600.00000000,5102.00000000,5307.52000000,247392.82390400,1770258
BTCUSDT,1w,1556496000000,1557100799999,5309.81000000,5900.00000000,5178.80000000,5775.62000000,191971.58997500,1509653
BTCUSDT,1w,1557100800000,1557705599999,5773.18000000,7521.78000000,5619.14000000,6967.31000000,313283.86961200,2443588
BTCUSDT,1w,1557705600000,1558310399999,6968.24000000,8366.00000000,6870.00000000,8148.48000000,461287.69413900,4024823
BTCUSDT,1w,1558310400000,1558915199999,8147.94000000,8740.00000000,7461.00000000,8614.43000000,341677.39881000,3145385
BTCUSDT,1w,1558915200000,1559519999999,8612.54000000,9074.26000000,8005.00000000,8725.98000000,292049.04381200,2861807
BTCUSDT,1w,1559520000000,1560124799999,8726.00000000,8800.95000000,7444.58000000,7628.13000000,293308.70969600,2770905
BTCUSDT,1w,1560124800000,1560729599999,7627.57000000,9333.00000000,7511.00000000,8953.33000000,274072.05837100,2697695
BTCUSDT,1w,1560729600000,1561334399999,8953.00000000,11392.64000000,8950.00000000,10906.07000000,378253.00306500,3524367
BTCUSDT,1w,1561334400000,1561939199999,10905.95000000,13970.00000000,10525.10000000,10854.10000000,684152.50877200,6076896
BTCUSDT,1w,1561939200000,1562543999999,10854.10000000,12000.00000000,9727.00000000,11406.24000000,517740.07169300,4488545
BTCUSDT,1w,1562544000000,1563148799999,11410.00000000,13147.08000000,10103.00000000,10174.18000000,510462.03567800,4524490
BTCUSDT,1w,1563148800000,1563753599999,10174.18000000,11100.00000000,9060.00000000,10589.45000000,487080.97263000,4446262
BTCUSDT,1w,1563753600000,1564358399999,10590.15000000,10683.16000000,9165.00000000,9541.54000000,269819.32510900,2603330
BTCUSDT,1w,1564358400000,1564963199999,9541.54000000,11040.00000000,9395.00000000,10929.23000000,259518.80601900,2454639
BTCUSDT,1w,1564963200000,1565567999999,10929.99000000,12330.70000000,10927.80000000,11549.97000000,371072.85766100,3431310
BTCUSDT,1w,1565568000000,1566172799999,11539.08000000,11577.89000000,9750.00000000,10306.78000000,248273.37466500,2604915
BTCUSDT,1w,1566172800000,1566777599999,10306.17000000,10949.96000000,9762.00000000,10142.69000000,232472.05333100,2432098
BTCUSDT,1w,1566777600000,1567382399999,10142.69000000,10604.00000000,9320.00000000,9724.98000000,211243.55028800,2073166
BTCUSDT,1w,1567382400000,1567987199999,9723.59000000,10905.87000000,9712.50000000,10381.18000000,281075.66490800,2428631
BTCUSDT,1w,1567987200000,1568591999999,10381.24000000,10480.00000000,9880.00000000,10302.01000000,207165.65445800,1997832
BTCUSDT,1w,1568592000000,1569196799999,10303.34000000,10355.00000000,9653.00000000,10028.87000000,188644.19962300,2057228
BTCUSDT,1w,1569196800000,1569801599999,10028.05000000,10049.99000000,7750.00000000,8043.82000000,364560.06474400,3159529
BTCUSDT,1w,1569801600000,1570406399999,8043.04000000,8500.00000000,7710.00000000,7854.25000000,239136.79539900,2208581
BTCUSDT,1w,1570406400000,1571011199999,7855.30000000,8779.51000000,7762.00000000,8275.01000000,281416.73873400,2895529
BTCUSDT,1w,1571011200000,1571615999999,8275.24000000,8403.00000000,7816.01000000,8223.35000000,219241.79231100,2668262
BTCUSDT,1w,1571616000000,1572220799999,8223.35000000,10370.00000000,7300.00000000,9529.93000000,508882.69375600,4526652
BTCUSDT,1w,1572220800000,1572825599999,9528.23000000,9902.10000000,8913.00000000,9194.71000000,354362.74432700,3384382
BTCUSDT,1w,1572825600000,1573430399999,9196.46000000,9513.68000000,8696.00000000,9039.47000000,294282.77161200,3021622
BTCUSDT,1w,1573430400000,1574035199999,9040.16000000,9072.32000000,8350.68000000,8502.40000000,239532.02348000,2356345
BTCUSDT,1w,1574035200000,1574639999999,8502.87000000,8503.52000000,6790.00000000,6903.28000000,422402.00470300,3120213
BTCUSDT,1w,1574640000000,1575244799999,6900.23000000,7850.00000000,6515.00000000,7390.89000000,503259.06429100,3264670
BTCUSDT,1w,1575244800000,1575849599999,7391.50000000,7750.00000000,7067.00000000,7510.11000000,331484.78371600,2427841
BTCUSDT,1w,1575849600000,1576454399999,7510.11000000,7650.00000000,7008.35000000,7118.59000000,252294.98040800,2190573
BTCUSDT,1w,1576454400000,1577059199999,7119.60000000,7518.54000000,6435.00000000,7501.44000000,339611.46169700,2860673
BTCUSDT,1w,1577059200000,1577663999999,7500.71000000,7695.38000000,7076.42000000,7388.24000000,267312.08693500,2396048
BTCUSDT,1w,1577664000000,1578268799999,7388.43000000,7495.00000000,6871.04000000,7358.75000000,241051.79844400,2156119
BTCUSDT,1w,1578268800000,1578873599999,7357.64000000,8455.00000000,7346.76000000,8184.98000000,498017.84689800,3870321
BTCUSDT,1w,1578873600000,1579478399999,8184.97000000,9198.98000000,8055.89000000,8701.70000000,468235.62749600,4261834
BTCUSDT,1w,1579478400000,1580083199999,8701.72000000,8818.00000000,8238.00000000,8615.00000000,250977.00176500,2555857
BTCUSDT,1w,1580083200000,1580687999999,8614.39000000,9578.00000000,8535.00000000,9331.51000000,362870.20838800,3363066
BTCUSDT,1w,1580688000000,1581292799999,9331.59000000,10166.00000000,9093.01000000,10151.75000000,364995.86483400,3998661
BTCUSDT,1w,1581292800000,1581897599999,10151.72000000,10500.00000000,9638.12000000,9917.27000000,427067.58518900,5261096
BTCUSDT,1w,1581897600000,1582502399999,9910.70000000,10250.00000000,9350.00000000,9936.40000000,360700.46771900,3990113
BTCUSDT,1w,1582502400000,1583107199999,9936.40000000,9990.00000000,8411.00000000,8531.88000000,426585.45870700,4278048
BTCUSDT,1w,1583107200000,1583711999999,8530.30000000,9188.00000000,8000.00000000,8033.31000000,379197.13168000,3871023
BTCUSDT,1w,1583712000000,1584316799999,8034.76000000,8179.31000000,3782.13000000,5361.30000000,1224228.28324000,8590644
BTCUSDT,1w,1584316800000,1584921599999,5360.33000000,6900.00000000,4442.12000000,5816.19000000,1180843.34581500,8567146
BTCUSDT,1w,1584921600000,1585526399999,5816.05000000,6957.96000000,5688.00000000,5881.42000000,770380.80536000,5558649
BTCUSDT,1w,1585526400000,1586131199999,5880.50000000,7198.00000000,5857.76000000,6772.78000000,664784.29958300,5187309
BTCUSDT,1w,1586131200000,1586735999999,6772.78000000,7459.69000000,6739.98000000,6903.79000000,582804.77108700,5399736
BTCUSDT,1w,1586736000000,1587340799999,6903.79000000,7293.08000000,6468.27000000,7120.74000000,501345.25890300,4481179
BTCUSDT,1w,1587340800000,1587945599999,7121.40000000,7738.00000000,6751.00000000,7693.10000000,469098.31294700,4408245
BTCUSDT,1w,1587945600000,1588550399999,7693.10000000,9460.00000000,7606.00000000,8894.16000000,742165.16210400,6613200
BTCUSDT,1w,1588550400000,1589155199999,8894.15000000,10067.00000000,8117.00000000,8722.77000000,780478.84946600,7296812
BTCUSDT,1w,1589155200000,1589759999999,8722.77000000,9939.00000000,8200.00000000,9680.04000000,721487.83708700,6691363
BTCUSDT,1w,1589760000000,1590364799999,9681.11000000,9950.00000000,8700.00000000,8720.34000000,517248.17753600,5231275
BTCUSDT,1w,1590364800000,1590969599999,8718.14000000,9740.00000000,8642.72000000,9448.27000000,425528.24616700,4709904
BTCUSDT,1w,1590969600000,1591574399999,9448.27000000,10380.00000000,9266.00000000,9746.99000000,427822.49534700,4699565
BTCUSDT,1w,1591574400000,1592179199999,9746.99000000,9992.72000000,9113.00000000,9342.10000000,336172.77151700,3925947
BTCUSDT,1w,1592179200000,1592783999999,9342.10000000,9589.00000000,8910.45000000,9294.69000000,323565.71184200,3601511
BTCUSDT,1w,1592784000000,1593388799999,9294.69000000,9780.00000000,8833.00000000,9116.35000000,343601.08315400,3556356
BTCUSDT,1w,1593388800000,1593993599999,9116.16000000,9292.00000000,8893.03000000,9069.41000000,247256.19512500,2670420
BTCUSDT,1w,1593993600000,1594598399999,9069.41000000,9470.00000000,9055.92000000,9302.75000000,284964.99967300,3618928
BTCUSDT,1w,1594598400000,1595203199999,9303.31000000,9343.82000000,9047.25000000,9208.99000000,247602.69209500,3834095
BTCUSDT,1w,1595203200000,1595807999999,9208.99000000,10111.00000000,9131.00000000,9931.54000000,346433.53511500,5037013
BTCUSDT,1w,1595808000000,1596412799999,9931.54000000,12123.46000000,9917.21000000,11071.35000000,637793.81172400,8989722
BTCUSDT,1w,1596412800000,1597017599999,11071.36000000,11909.94000000,10936.00000000,11681.68000000,403167.45146000,6240181
BTCUSDT,1w,1597017600000,1597622399999,11681.69000000,12067.35000000,11125.00000000,11911.00000000,468167.72232000,7853234
BTCUSDT,1w,1597622400000,1598227199999,11910.99000000,12468.00000000,11376.81000000,11648.13000000,426710.48350200,7082053
BTCUSDT,1w,1598227200000,1598831999999,11648.12000000,11824.90000000,11117.64000000,11711.16000000,355153.16937200,5563536
BTCUSDT,1w,1598832000000,1599436799999,11711.17000000,12050.85000000,9825.00000000,10256.20000000,581777.75652500,9093522
BTCUSDT,1w,1599436800000,1600041599999,10255.89000000,10580.11000000,9850.00000000,10332.83000000,366759.99404800,5490957
BTCUSDT,1w,1600041600000,1600646399999,10332.84000000,11179.79000000,10212.34000000,10920.28000000,374339.55881400,5419926
BTCUSDT,1w,1600646400000,1601251199999,10920.28000000,10988.86000000,10136.82000000,10774.25000000,331299.29108100,5082884
BTCUSDT,1w,1601251200000,1601855999999,10774.26000000,10950.00000000,10374.00000000,10666.63000000,288073.12698900,4200553
BTCUSDT,1w,1601856000000,1602460799999,10666.62000000,11491.00000000,10525.00000000,11369.02000000,288404.14549400,4224553
BTCUSDT,1w,1602460800000,1603065599999,11369.02000000,11720.01000000,11172.00000000,11503.14000000,279657.09704700,4017625
BTCUSDT,1w,1603065600000,1603670399999,11503.14000000,13350.00000000,11407.96000000,13028.83000000,418993.35468100,5893134
BTCUSDT,1w,1603670400000,1604275199999,13029.64000000,14100.00000000,12765.00000000,13761.50000000,485358.52171600,6753540
BTCUSDT,1w,1604275200000,1604879999999,13761.49000000,15960.00000000,13195.05000000,15475.10000000,665037.14645200,9082195
BTCUSDT,1w,1604880000000,1605484799999,15475.10000000,16480.00000000,14805.54000000,15957.00000000,529729.42649600,8312761
BTCUSDT,1w,1605484800000,1606089599999,15957.00000000,18965.90000000,15864.00000000,18414.43000000,684197.64282900,10878742
BTCUSDT,1w,1606089600000,1606694399999,18413.88000000,19484.21000000,16188.00000000,18184.99000000,676351.57997400,12288105
BTCUSDT,1w,1606694400000,1607299199999,18185.00000000,19888.00000000,18001.12000000,19359.40000000,537012.14293100,9615978
BTCUSDT,1w,1607299200000,1607903999999,19358.67000000,19420.91000000,17572.33000000,19174.99000000,414166.99723700,7125404
BTCUSDT,1w,1607904000000,1608508799999,19174.99000000,24295.00000000,19000.00000000,23455.52000000,650661.72430000,11378635
BTCUSDT,1w,1608508800000,1609113599999,23455.54000000,28422.00000000,21815.00000000,26281.66000000,688906.56055700,12384587
BTCUSDT,1w,1609113600000,1609718399999,26281.54000000,34778.11000000,25880.00000000,33000.05000000,625132.26320300,12512788
BTCUSDT,1w,1609718400000,1610323199999,33000.05000000,41950.00000000,28130.00000000,38150.02000000,850700.26615200,18127566
BTCUSDT,1w,1610323200000,1610927999999,38150.02000000,40100.00000000,30420.00000000,35828.61000000,897339.67445000,18446663
BTCUSDT,1w,1610928000000,1611532799999,35824.99000000,37850.00000000,28850.00000000,32259.90000000,640226.93578500,14699334
BTCUSDT,1w,1611532800000,1612137599999,32259.45000000,38531.90000000,29241.72000000,33092.98000000,747463.50850900,16555006
BTCUSDT,1w,1612137600000,1612742399999,33092.97000000,40955.51000000,32296.16000000,38795.69000000,583442.33154400,13815026
BTCUSDT,1w,1612742400000,1613347199999,38795.69000000,49707.43000000,37988.89000000,48577.79000000,664186.27090900,18380270
BTCUSDT,1w,1613347200000,1613951999999,48580.47000000,58352.80000000,45570.79000000,57408.57000000,533487.79969900,15851564
BTCUSDT,1w,1613952000000,1614556799999,57412.35000000,57508.47000000,43000.00000000,45135.66000000,737125.74636500,17606321
BTCUSDT,1w,1614556800000,1615161599999,45134.11000000,52640.00000000,44950.53000000,50971.75000000,490819.56296800,13825664
BTCUSDT,1w,1615161600000,1615766399999,50959.11000000,61844.00000000,49274.67000000,58968.31000000,514559.69868500,16229755
BTCUSDT,1w,1615766400000,1616371199999,58976.08000000,60633.43000000,53271.34000000,57351.56000000,463194.21418000,14553773
BTCUSDT,1w,1616371200000,1616975999999,57351.56000000,58430.73000000,50427.56000000,55777.63000000,446278.62841300,13022316
BTCUSDT,1w,1616976000000,1617580799999,55777.65000000,60200.00000000,54800.01000000,58202.01000000,367477.89327300,11891110
BTCUSDT,1w,1617580800000,1618185599999,58202.01000000,61500.00000000,55473.00000000,60002.43000000,375865.59361400,13696365
BTCUSDT,1w,1618185600000,1618790399999,59998.80000000,64854.00000000,50931.30000000,56150.01000000,549048.29803200,17446531
BTCUSDT,1w,1618790400000,1619395199999,56150.01000000,57526.81000000,46930.00000000,49066.77000000,568462.85096000,14947615
BTCUSDT,1w,1619395200000,1619999999999,49066.76000000,58458.07000000,48753.44000000,56578.21000000,395983.45601300,12719227
BTCUSDT,1w,1620000000000,1620604799999,56578.21000000,59500.00000000,52900.00000000,58240.84000000,504478.92630300,16275966
BTCUSDT,1w,1620604800000,1621209599999,58240.83000000,59500.00000000,43825.39000000,46431.50000000,684880.14819700,17778177
BTCUSDT,1w,1621209600000,1621814399999,46426.83000000,46686.00000000,30000.00000000,34655.25000000,1386781.05214400,27170977
BTCUSDT,1w,1621814400000,1622419199999,34681.44000000,40841.00000000,33379.00000000,35641.27000000,786531.16394100,16942102
BTCUSDT,1w,1622419200000,1623023999999,35641.26000000,39476.00000000,34153.84000000,35796.31000000,528299.50493700,11520844
BTCUSDT,1w,1623024000000,1623628799999,35796.31000000,39380.00000000,31000.00000000,39020.57000000,700065.60491500,13781452
BTCUSDT,1w,1623628800000,1624233599999,39020.56000000,41330.00000000,33336.00000000,35600.16000000,610333.96208900,12585488
BTCUSDT,1w,1624233600000,1624838399999,35600.17000000,35750.00000000,28805.00000000,34700.34000000,907073.70759800,15069286
BTCUSDT,1w,1624838400000,1625443199999,34702.49000000,36600.00000000,32699.00000000,35286.51000000,464791.76359300,9503851
BTCUSDT,1w,1625443200000,1626047999999,35288.13000000,35293.78000000,32077.00000000,34258.99000000,359766.23540400,7648112
BTCUSDT,1w,1626048000000,1626652799999,34259.00000000,34678.43000000,31020.00000000,31778.56000000,306160.98707900,7067408
BTCUSDT,1w,1626652800000,1627257599999,31778.57000000,35398.00000000,29278.00000000,35381.02000000,383262.21715400,8161443
BTCUSDT,1w,1627257600000,1627862399999,35381.02000000,42599.00000000,35205.78000000,39845.44000000,568598.50960600,14294722
BTCUSDT,1w,1627862400000,1628467199999,39850.27000000,45310.00000000,37332.70000000,43794.37000000,463107.67071100,12015266
BTCUSDT,1w,1628467200000,1629071999999,43794.36000000,48144.00000000,42779.00000000,46973.82000000,372867.97981100,12802573
BTCUSDT,1w,1629072000000,1629676799999,46973.82000000,49757.04000000,43927.70000000,49239.22000000,357634.46215500,12498107
BTCUSDT,1w,1629676800000,1630281599999,49239.22000000,50500.00000000,46250.00000000,48767.83000000,298905.69704200,10234705
BTCUSDT,1w,1630281600000,1630886399999,48767.84000000,51900.00000000,46512.00000000,51756.88000000,327484.44363800,9623298
BTCUSDT,1w,1630886400000,1631491199999,51756.88000000,52920.00000000,42843.05000000,46025.24000000,399602.39982000,12174052
BTCUSDT,1w,1631491200000,1632095999999,46025.23000000,48843.20000000,43370.00000000,47241.75000000,289430.44387000,8186048
BTCUSDT,1w,1632096000000,1632700799999,47241.75000000,47347.25000000,39600.00000000,43160.90000000,437174.23273000,10306745
BTCUSDT,1w,1632700800000,1633305599999,43160.90000000,49228.08000000,40753.88000000,48200.01000000,290620.78115000,8011247
BTCUSDT,1w,1633305600000,1633910399999,48200.01000000,56561.31000000,46891.00000000,54659.00000000,424292.25859900,12811107
BTCUSDT,1w,1633910400000,1634515199999,54659.01000000,62933.00000000,53879.00000000,61528.33000000,362346.26317400,11568529
BTCUSDT,1w,1634515200000,1635119999999,61528.32000000,67000.00000000,59510.63000000,60852.22000000,336367.00881000,10979311
BTCUSDT,1w,1635120000000,1635724799999,60852.22000000,63710.63000000,57820.00000000,61299.80000000,314971.84980000,10574780
BTCUSDT,1w,1635724800000,1636329599999,61299.81000000,64270.00000000,59405.00000000,63273.59000000,253033.72432000,9556016
BTCUSDT,1w,1636329600000,1636934399999,63273.58000000,69000.00000000,62278.00000000,65519.10000000,294213.11270800,11207688
BTCUSDT,1w,1636934400000,1637539199999,65519.11000000,66401.82000000,55600.00000000,58622.02000000,340150.61676000,11100482
BTCUSDT,1w,1637539200000,1638143999999,58617.70000000,59444.00000000,53256.64000000,57274.88000000,315216.31943000,10734607
BTCUSDT,1w,1638144000000,1638748799999,57274.89000000,59176.99000000,42000.30000000,49396.33000000,390528.91248800,12286961
BTCUSDT,1w,1638748800000,1639353599999,49396.32000000,51936.33000000,46751.00000000,50053.90000000,272083.99753000,8239356
BTCUSDT,1w,1639353600000,1639958399999,50053.90000000,50189.97000000,45456.00000000,46681.23000000,271834.80183000,8055423
BTCUSDT,1w,1639958400000,1640563199999,46681.24000000,51810.00000000,45558.85000000,50775.49000000,209149.42595000,6960719
BTCUSDT,1w,1640563200000,1641167999999,50775.48000000,52088.00000000,45678.00000000,47286.18000000,217379.64220000,6863722
BTCUSDT,1w,1641168000000,1641772799999,47286.18000000,47570.00000000,40501.00000000,41864.62000000,264331.61587000,7717954
BTCUSDT,1w,1641772800000,1642377599999,41864.62000000,44500.00000000,39650.00000000,43071.66000000,232059.06969000,6758442
BTCUSDT,1w,1642377600000,1642982399999,43071.66000000,43505.00000000,34008.00000000,36244.55000000,354513.98432000,9181325
BTCUSDT,1w,1642982400000,1643587199999,36244.55000000,38919.98000000,32917.17000000,37881.76000000,353702.62639100,8716769
BTCUSDT,1w,1643587200000,1644191999999,37881.75000000,42656.00000000,36250.00000000,42380.87000000,258946.95322000,6785864
BTCUSDT,1w,1644192000000,1644796799999,42380.87000000,45821.00000000,41645.85000000,42053.66000000,301990.47877000,8359076
BTCUSDT,1w,1644796800000,1645401599999,42053.65000000,44751.40000000,38000.00000000,38386.89000000,243150.46162000,6173489
BTCUSDT,1w,1645401600000,1646006399999,38386.89000000,40348.45000000,34322.28000000,37699.07000000,412335.93267000,9817037
BTCUSDT,1w,1646006400000,1646611199999,37699.08000000,45400.00000000,37450.17000000,38420.81000000,376417.07830000,10071554
BTCUSDT,1w,1646611200000,1647215999999,38420.80000000,42594.06000000,37155.00000000,37777.34000000,374777.65361000,8576202
BTCUSDT,1w,1647216000000,1647820799999,37777.35000000,42400.00000000,37555.00000000,41262.11000000,323399.67100000,7828983
BTCUSDT,1w,1647820800000,1648425599999,41262.11000000,46999.00000000,40467.94000000,46827.76000000,315436.15044000,7404092
BTCUSDT,1w,1648425600000,1649030399999,46827.76000000,48189.84000000,44200.00000000,46407.35000000,312053.15964000,8362296
BTCUSDT,1w,1649030400000,1649635199999,46407.36000000,47200.00000000,41868.00000000,42158.85000000,268118.29111000,7117155
BTCUSDT,1w,1649635200000,1650239999999,42158.85000000,42414.71000000,39200.00000000,39678.12000000,259281.04870000,5921631
BTCUSDT,1w,1650240000000,1650844799999,39678.11000000,42976.00000000,38536.51000000,39450.13000000,283885.03637000,7307352
BTCUSDT,1w,1650844800000,1651449599999,39450.12000000,40797.31000000,37386.38000000,38468.35000000,368444.26814000,8168960
BTCUSDT,1w,1651449600000,1652054399999,38468.35000000,40023.77000000,33713.95000000,34038.40000000,419979.58290000,8540020
BTCUSDT,1w,1652054400000,1652659199999,34038.39000000,34243.15000000,26700.00000000,31328.89000000,964223.84927400,16818661
BTCUSDT,1w,1652659200000,1653263999999,31328.89000000,31328.90000000,28654.47000000,30293.94000000,375096.22376000,9177698
BTCUSDT,1w,1653264000000,1653868799999,30293.93000000,30670.51000000,28019.56000000,29468.10000000,430508.71991000,7332430
BTCUSDT,1w,1653868800000,1654473599999,29468.10000000,32399.00000000,29282.36000000,29919.21000000,422401.40352000,7249030
BTCUSDT,1w,1654473600000,1655078399999,29919.20000000,31765.64000000,26560.00000000,26574.53000000,528925.48795900,8740633
BTCUSDT,1w,1655078400000,1655683199999,26574.53000000,26895.84000000,17622.00000000,20574.00000000,1153717.63753700,16153967
BTCUSDT,1w,1655683200000,1656287999999,20574.00000000,21888.00000000,19637.03000000,21038.07000000,570801.23178000,8827163
BTCUSDT,1w,1656288000000,1656892799999,21038.08000000,21539.85000000,18626.00000000,19315.83000000,508544.13970000,8098167
BTCUSDT,1w,1656892800000,1657497599999,19315.83000000,22527.37000000,19055.31000000,20862.47000000,1111996.98071000,17338062
BTCUSDT,1w,1657497600000,1658102399999,20861.11000000,21684.54000000,18910.94000000,20798.16000000,1043685.76303000,28620637
BTCUSDT,1w,1658102400000,1658707199999,20799.58000000,24276.74000000,20762.45000000,22579.68000000,1336219.23609000,36404041
BTCUSDT,1w,1658707200000,1659311999999,22577.13000000,24668.00000000,20706.50000000,23293.32000000,1282264.24492000,36815045
BTCUSDT,1w,1659312000000,1659916799999,23296.36000000,23647.68000000,22400.00000000,23174.39000000,951140.43388000,32042944
BTCUSDT,1w,1659916800000,1660521599999,23174.39000000,25047.56000000,22664.69000000,24305.24000000,1251083.26468000,43311786
BTCUSDT,1w,1660521600000,1661126399999,24305.25000000,25211.32000000,20761.90000000,21515.61000000,1402957.39876000,46017032
BTCUSDT,1w,1661126400000,1661731199999,21516.70000000,21900.00000000,19520.00000000,19555.61000000,1343190.86000000,41486274
BTCUSDT,1w,1661731200000,1662335999999,19555.61000000,20576.25000000,19540.00000000,20000.30000000,1527594.84529000,38080138
BTCUSDT,1w,1662336000000,1662940799999,20000.30000000,21860.00000000,18510.77000000,21826.87000000,2146685.76233000,41587411
BTCUSDT,1w,1662940800000,1663545599999,21826.87000000,22799.00000000,19320.01000000,19416.18000000,2218565.59694000,41728131
BTCUSDT,1w,1663545600000,1664150399999,19417.45000000,19956.00000000,18125.98000000,18807.38000000,2285541.48793000,39408640
BTCUSDT,1w,1664150400000,1664755199999,18809.13000000,20385.86000000,18471.28000000,19056.80000000,2777070.91238000,39023576
BTCUSDT,1w,1664755200000,1665359999999,19057.74000000,20475.00000000,18959.68000000,19439.02000000,1690215.44019000,28764711
BTCUSDT,1w,1665360000000,1665964799999,19439.96000000,19951.87000000,18190.00000000,19262.98000000,1666942.47921000,34431421
BTCUSDT,1w,1665964800000,1666569599999,19262.98000000,19706.66000000,18650.00000000,19570.40000000,1439566.24878000,33194461
BTCUSDT,1w,1666569600000,1667174399999,19570.40000000,21085.00000000,19157.00000000,20627.48000000,2026392.42105000,46965717
BTCUSDT,1w,1667174400000,1667779199999,20627.48000000,21480.65000000,20031.24000000,20905.58000000,2205754.83045000,47012044
BTCUSDT,1w,1667779200000,1668383999999,20905.58000000,21069.77000000,15588.00000000,16329.85000000,3234391.87393200,69529948
BTCUSDT,1w,1668384000000,1668988799999,16331.78000000,17190.00000000,15815.21000000,16280.23000000,1626234.48043000,40879146
BTCUSDT,1w,1668988800000,1669593599999,16279.50000000,16812.63000000,15476.00000000,16428.78000000,1561058.47958300,36585251
BTCUSDT,1w,1669593600000,1670198399999,16428.77000000,17324.00000000,15995.27000000,17105.70000000,1572173.55626000,33957294
BTCUSDT,1w,1670198400000,1670803199999,17106.65000000,17424.25000000,16678.83000000,17085.05000000,1443791.97519000,28935324
BTCUSDT,1w,1670803200000,1671407999999,17085.05000000,18387.95000000,16527.32000000,16738.21000000,1511897.62621000,34216989
BTCUSDT,1w,1671408000000,1672012799999,16739.00000000,17061.27000000,16256.30000000,16832.11000000,1148035.81471000,30890062
BTCUSDT,1w,1672012800000,1672617599999,16832.11000000,16972.83000000,16333.00000000,16616.75000000,1028681.78419000,29855688
BTCUSDT,1w,1672617600000,1673222399999,16617.17000000,17176.99000000,16548.70000000,17127.83000000,1112349.61417000,32938345
BTCUSDT,1w,1673222400000,1673827199999,17127.83000000,21258.00000000,17104.66000000,20871.50000000,2145455.73458000,48190928
BTCUSDT,1w,1673827200000,1674431999999,20872.99000000,23371.80000000,20407.15000000,22707.88000000,2108890.06922000,48516459
BTCUSDT,1w,1674432000000,1675036799999,22706.02000000,23960.54000000,22300.00000000,23742.30000000,1946352.79600000,48187520
BTCUSDT,1w,1675036800000,1675641599999,23743.37000000,24255.00000000,22500.00000000,22932.91000000,1949971.72168000,50318314
BTCUSDT,1w,1675641600000,1676246399999,22932.91000000,23452.00000000,21451.00000000,21783.54000000,1976378.51282000,48694515
BTCUSDT,1w,1676246400000,1676851199999,21782.37000000,25250.00000000,21351.07000000,24271.76000000,2497565.47508000,58393471
BTCUSDT,1w,1676851200000,1677455999999,24272.51000000,25250.00000000,22722.00000000,23554.85000000,2237983.72753000,73475940
BTCUSDT,1w,1677456000000,1678060799999,23554.85000000,24000.00000000,21971.13000000,22430.24000000,1698503.29143000,55369117
BTCUSDT,1w,1678060800000,1678665599999,22430.24000000,22602.19000000,19549.09000000,21997.11000000,2718623.72856000,64620831
BTCUSDT,1w,1678665600000,1679270399999,21998.05000000,28390.10000000,21813.88000000,27972.87000000,3775888.94983000,85715723
BTCUSDT,1w,1679270400000,1679875199999,27972.87000000,28868.05000000,26601.80000000,27968.05000000,1437828.84706000,32723292
BTCUSDT,1w,1679875200000,1680479999999,27968.05000000,29184.68000000,26508.14000000,28171.87000000,500795.73087000,9943708
BTCUSDT,1w,1680480000000,1681084799999,28171.87000000,28775.00000000,27200.24000000,28323.76000000,306532.39014000,7007729
BTCUSDT,1w,1681084800000,1681689599999,28323.76000000,31000.00000000,28170.00000000,30304.65000000,377573.74044000,7871684
BTCUSDT,1w,1681689600000,1682294399999,30304.66000000,30485.00000000,27125.00000000,27590.60000000,430421.84646000,8610002
BTCUSDT,1w,1682294400000,1682899199999,27590.59000000,30036.00000000,26942.82000000,29233.21000000,444613.47701000,9248254
BTCUSDT,1w,1682899200000,1683503999999,29233.20000000,29820.00000000,27666.95000000,28430.10000000,360117.97447000,8366414
BTCUSDT,1w,1683504000000,1684108799999,28430.09000000,28631.01000000,25811.46000000,26917.62000000,338765.74243000,7982133
BTCUSDT,1w,1684108800000,1684713599999,26917.61000000,27663.59000000,26361.20000000,26747.78000000,230394.72253000,5632311
BTCUSDT,1w,1684713600000,1685318399999,26747.78000000,28261.32000000,25871.89000000,28065.00000000,251061.07389000,5214712
BTCUSDT,1w,1685318400000,1685923199999,28065.01000000,28447.14000000,26505.00000000,27115.21000000,233113.44204000,5056219
BTCUSDT,1w,1685923200000,1686527999999,27115.20000000,27391.77000000,25351.02000000,25925.55000000,347786.76863000,8221418
BTCUSDT,1w,1686528000000,1687132799999,25925.54000000,26839.99000000,24800.00000000,26339.97000000,265685.74051000,5914978
BTCUSDT,1w,1687132800000,1687737599999,26339.98000000,31431.94000000,26256.61000000,30462.66000000,408189.22942000,7845510
BTCUSDT,1w,1687737600000,1688342399999,30462.67000000,31282.00000000,29500.00000000,30617.03000000,294881.44198000,6151928
BTCUSDT,1w,1688342400000,1688947199999,30617.02000000,31500.00000000,29701.02000000,30160.71000000,244056.69119000,5652625
BTCUSDT,1w,1688947200000,1689551999999,30160.71000000,31804.20000000,29900.00000000,30231.99000000,269249.39031000,5930859
BTCUSDT,1w,1689552000000,1690156799999,30232.00000000,30417.46000000,29512.00000000,30083.75000000,180919.27148000,4437412
BTCUSDT,1w,1690156800000,1690761599999,30083.75000000,30099.58000000,28861.90000000,29281.09000000,168154.81375000,4074123
BTCUSDT,1w,1690761600000,1691366399999,29281.09000000,30047.50000000,28585.70000000,29088.42000000,190359.38216000,4275812
BTCUSDT,1w,1691366400000,1691971199999,29088.43000000,30244.00000000,28701.03000000,29303.84000000,178844.98681000,3902955
BTCUSDT,1w,1691971200000,1692575999999,29303.85000000,29695.32000000,25166.00000000,26189.99000000,307223.55373000,6367788
BTCUSDT,1w,1692576000000,1693180799999,26190.00000000,26819.27000000,25300.00000000,26101.77000000,188618.43325000,3708881
BTCUSDT,1w,1693180800000,1693785599999,26101.78000000,28142.85000000,25333.75000000,25971.21000000,258183.08813000,5240441
BTCUSDT,1w,1693785600000,1694390399999,25971.21000000,26445.50000000,25372.51000000,25841.61000000,156769.66561000,3927460
BTCUSDT,1w,1694390400000,1694995199999,25841.60000000,26888.00000000,24901.00000000,26527.51000000,221247.03537000,5082637
BTCUSDT,1w,1694995200000,1695599999999,26527.50000000,27483.57000000,26122.08000000,26248.38000000,191220.58923000,5061396
BTCUSDT,1w,1695600000000,1696204799999,26248.39000000,28065.51000000,25990.46000000,27992.57000000,189937.16919000,5966990
BTCUSDT,1w,1696204800000,1696809599999,27992.58000000,28580.00000000,27160.50000000,27917.05000000,217523.39638000,7856366
BTCUSDT,1w,1696809600000,1697414399999,27917.06000000,27987.93000000,26538.66000000,27154.15000000,164897.39085000,6797459
BTCUSDT,1w,1697414400000,1698019199999,27154.14000000,30379.99000000,27112.66000000,29992.46000000,294677.81127000,10256824
BTCUSDT,1w,1698019200000,1698623999999,29992.46000000,35280.00000000,29883.60000000,34525.89000000,373306.40874000,11154017
BTCUSDT,1w,1698624000000,1699228799999,34525.88000000,35984.99000000,34025.00000000,35011.88000000,249862.21260000,8442880
BTCUSDT,1w,1699228800000,1699833599999,35011.89000000,37972.24000000,34523.06000000,37064.13000000,261060.64807000,8644289
BTCUSDT,1w,1699833600000,1700438399999,37064.13000000,37980.00000000,34800.00000000,37359.86000000,255993.59565000,8705712
BTCUSDT,1w,1700438400000,1701043199999,37359.85000000,38414.00000000,35632.01000000,37447.43000000,229889.97507000,8859485
BTCUSDT,1w,1701043200000,1701647999999,37447.42000000,40250.00000000,36707.00000000,39972.26000000,222103.26117000,8359571
BTCUSDT,1w,1701648000000,1702252799999,39972.26000000,44700.00000000,39972.26000000,43789.51000000,332080.41362000,10605247
BTCUSDT,1w,1702252800000,1702857599999,43789.50000000,43804.50000000,40222.00000000,41374.65000000,292562.41578000,10669896
BTCUSDT,1w,1702857600000,1703462399999,41374.64000000,44398.26000000,40542.93000000,42991.50000000,245481.20612000,10177570
BTCUSDT,1w,1703462400000,1704067199999,42991.50000000,43802.32000000,41300.00000000,42283.58000000,228462.70228000,9000006
BTCUSDT,1w,1704067200000,1704671999999,42283.58000000,45879.63000000,40750.00000000,43929.02000000,310487.48622000,11970886
BTCUSDT,1w,1704672000000,1705276799999,43929.01000000,48969.48000000,41500.00000000,41732.35000000,470798.80434000,16613410
BTCUSDT,1w,1705276800000,1705881599999,41732.35000000,43578.01000000,40280.00000000,41580.33000000,238486.27274000,9385019
BTCUSDT,1w,1705881600000,1706486399999,41580.32000000,42842.68000000,38555.00000000,42031.06000000,274603.16207000,10566525
BTCUSDT,1w,1706486400000,1707091199999,42031.05000000,43882.36000000,41804.88000000,42582.88000000,203036.61925000,8033833
BTCUSDT,1w,1707091200000,1707695999999,42582.88000000,48592.66000000,42258.10000000,48299.99000000,262240.48357000,10735191
BTCUSDT,1w,1707696000000,1708300799999,48300.00000000,52816.62000000,47710.01000000,52137.67000000,310862.30170000,11714072
BTCUSDT,1w,1708300800000,1708905599999,52137.68000000,52985.00000000,50521.00000000,51728.85000000,223366.16186000,10293992
BTCUSDT,1w,1708905600000,1709510399999,51728.85000000,64000.00000000,50901.44000000,63113.97000000,417907.83383000,16868924
BTCUSDT,1w,1709510400000,1710115199999,63113.97000000,69990.00000000,59005.00000000,68955.88000000,481870.18178200,21358553
BTCUSDT,1w,1710115200000,1710719999999,68955.88000000,73777.00000000,64533.00000000,68393.48000000,477496.91752000,20669990
BTCUSDT,1w,1710720000000,1711324799999,68393.47000000,68956.00000000,60775.00000000,67209.99000000,409762.74414000,18123751
BTCUSDT,1w,1711324800000,1711929599999,67210.00000000,71769.54000000,66385.06000000,71280.01000000,235409.95755000,12877311
BTCUSDT,1w,1711929600000,1712534399999,71280.00000000,71288.23000000,64493.07000000,69360.39000000,274227.11488000,13071377
BTCUSDT,1w,1712534400000,1713139199999,69360.38000000,72797.99000000,60660.57000000,65661.84000000,348008.31904000,15848257
BTCUSDT,1w,1713139200000,1713743999999,65661.85000000,66867.07000000,59600.01000000,64941.15000000,312265.13225000,15339389
BTCUSDT,1w,1713744000000,1714348799999,64941.15000000,67232.35000000,62391.24000000,63118.62000000,183902.50753000,9139362
BTCUSDT,1w,1714348800000,1714953599999,63118.62000000,64734.00000000,56552.82000000,64012.00000000,298372.01720000,10777045
BTCUSDT,1w,1714953600000,1715558399999,64012.00000000,65500.00000000,60187.12000000,61483.99000000,179712.75232000,8443601
BTCUSDT,1w,1715558400000,1716163199999,61484.00000000,67700.00000000,60749.21000000,66274.01000000,195247.04901000,8173669
BTCUSDT,1w,1716163200000,1716767999999,66274.00000000,71979.00000000,66060.31000000,68507.67000000,220708.83749000,9860774
BTCUSDT,1w,1716768000000,1717372799999,68507.67000000,70687.56000000,66670.00000000,67765.63000000,158352.25614000,7801279
BTCUSDT,1w,1717372800000,1717977599999,67765.62000000,71997.02000000,67612.48000000,69648.14000000,165061.19141000,7269746
BTCUSDT,1w,1717977600000,1718582399999,69648.15000000,70195.94000000,65078.00000000,66676.87000000,174066.07718000,9048588
BTCUSDT,1w,1718582400000,1719187199999,66676.86000000,67298.81000000,63178.32000000,63210.01000000,155589.33133000,8573684
BTCUSDT,1w,1719187200000,1719791999999,63210.01000000,63369.80000000,58402.00000000,62772.01000000,177837.60164000,8998803
BTCUSDT,1w,1719792000000,1720396799999,62772.01000000,63861.76000000,53485.93000000,55857.81000000,251967.61048000,13582481
BTCUSDT,1w,1720396800000,1721001599999,55857.81000000,61420.69000000,54260.16000000,60797.91000000,190723.74928000,12556656
BTCUSDT,1w,1721001600000,1721606399999,60797.91000000,68366.66000000,60632.30000000,68165.34000000,205198.52303000,13153545
BTCUSDT,1w,1721606400000,1722211199999,68165.35000000,69399.99000000,63456.70000000,68249.88000000,177889.46168000,10470425
BTCUSDT,1w,1722211200000,1722815999999,68249.88000000,70079.99000000,57122.77000000,58161.00000000,216238.92340000,13595613
BTCUSDT,1w,1722816000000,1723420799999,58161.00000000,62745.14000000,49000.00000000,58712.59000000,370726.80645000,19950644
BTCUSDT,1w,1723420800000,1724025599999,58712.59000000,61800.00000000,56078.54000000,58427.35000000,179945.24534000,12150950
BTCUSDT,1w,1724025600000,1724630399999,58427.35000000,65000.00000000,57787.30000000,64220.00000000,169792.31289000,12611222
BTCUSDT,1w,1724630400000,1725235199999,64219.99000000,64481.00000000,57201.00000000,57301.86000000,176518.33308000,17450976
BTCUSDT,1w,1725235200000,1725839999999,57301.77000000,59809.65000000,52550.00000000,54869.95000000,196506.89846000,19724780
BTCUSDT,1w,1725840000000,1726444799999,54869.95000000,60625.00000000,54591.96000000,59132.00000000,175833.33846000,20170673
BTCUSDT,1w,1726444800000,1727049599999,59132.00000000,64133.32000000,57493.30000000,63578.76000000,178097.29669000,24067959
BTCUSDT,1w,1727049600000,1727654399999,63578.76000000,66498.00000000,62538.75000000,65602.01000000,132963.29721000,21839889
BTCUSDT,1w,1727654400000,1728259199999,65602.01000000,65618.80000000,59828.11000000,62819.91000000,169447.68762000,26681226
BTCUSDT,1w,1728259200000,1728863999999,62819.91000000,64478.19000000,58946.00000000,62870.02000000,136109.36376000,23384266
BTCUSDT,1w,1728864000000,1729468799999,62870.02000000,69400.00000000,62457.81000000,69031.99000000,185982.16665000,27042033
BTCUSDT,1w,1729468800000,1730073599999,69032.00000000,69519.52000000,65260.00000000,68021.70000000,159069.27886000,24438978
BTCUSDT,1w,1730073600000,1730678399999,68021.69000000,73620.12000000,67478.73000000,68775.99000000,209232.69647000,28485013
BTCUSDT,1w,1730678400000,1731283199999,68775.99000000,81500.00000000,66835.00000000,80370.01000000,327445.15705000,38565949
BTCUSDT,1w,1731283200000,1731887999999,80370.01000000,93265.64000000,80216.01000000,89855.99000000,417630.30233400,59818191
BTCUSDT,1w,1731888000000,1732492799999,89855.98000000,99588.01000000,89376.90000000,97900.04000000,303784.77178200,45298675
BTCUSDT,1w,1732492800000,1733097599999,97900.05000000,98871.80000000,90791.10000000,97185.18000000,237818.37314000,41943380
BTCUSDT,1w,1733097600000,1733702399999,97185.17000000,104088.00000000,90500.00000000,101109.59000000,302152.73546200,44131280
BTCUSDT,1w,1733702400000,1734307199999,101109.60000000,105250.00000000,94150.05000000,104463.99000000,230968.33990500,48813901
BTCUSDT,1w,1734307200000,1734911999999,104463.99000000,108353.00000000,92232.54000000,95186.27000000,281544.24224600,46077110
BTCUSDT,1w,1734912000000,1735516799999,95186.28000000,99963.70000000,92520.00000000,93738.20000000,140614.68725000,28689751
BTCUSDT,1w,1735516800000,1736121599999,93738.19000000,98976.91000000,91530.45000000,98363.61000000,111914.79510000,20090990
BTCUSDT,1w,1736121600000,1736726399999,98363.61000000,102724.38000000,91203.67000000,94545.06000000,172710.45967000,28219131
BTCUSDT,1w,1736726400000,1737331199999,94545.07000000,106422.43000000,89256.69000000,101331.57000000,235685.99260000,30086575
BTCUSDT,1w,1737331200000,1737935999999,101331.57000000,109588.00000000,99550.00000000,102620.00000000,254162.14092200,38148997
BTCUSDT,1w,1737936000000,1738540799999,102620.01000000,106457.44000000,96150.00000000,97700.59000000,184203.26328000,38100357
BTCUSDT,1w,1738540800000,1739145599999,97700.59000000,102500.01000000,91231.00000000,96462.75000000,221243.61368000,35022283
BTCUSDT,1w,1739145600000,1739750399999,96462.75000000,98826.00000000,94088.23000000,96118.12000000,122007.40976000,22885290
BTCUSDT,1w,1739750400000,1740355199999,96118.12000000,99475.00000000,93388.09000000,96258.00000000,127758.44873000,19728994
BTCUSDT,1w,1740355200000,1740959999999,96258.00000000,96500.00000000,78258.52000000,94270.00000000,373604.39736000,52557578
BTCUSDT,1w,1740960000000,1741564799999,94269.99000000,94416.46000000,80000.00000000,80734.37000000,284471.65101000,53091837
BTCUSDT,1w,1741564800000,1742169599999,80734.48000000,85309.71000000,76606.00000000,82574.53000000,211663.09876000,32694122
BTCUSDT,1w,1742169600000,1742774399999,82574.52000000,87453.67000000,81134.66000000,86082.50000000,110906.17448000,17599502
BTCUSDT,1w,1742774400000,1743379199999,86082.50000000,88765.43000000,81565.00000000,82389.99000000,137009.32282000,17792198
BTCUSDT,1w,1743379200000,1743983999999,82390.00000000,88500.00000000,77153.83000000,78430.00000000,178247.49297000,27265604
BTCUSDT,1w,1743984000000,1744588799999,78430.00000000,86100.00000000,74508.00000000,83760.00000000,300064.17057000,37720376
BTCUSDT,1w,1744588800000,1745193599999,83760.00000000,86496.42000000,83111.64000000,85179.24000000,108454.40360000,14759555
BTCUSDT,1w,1745193600000,1745798399999,85179.24000000,95758.04000000,85144.76000000,93749.30000000,170625.92469000,18849760
BTCUSDT,1w,1745798400000,1746403199999,93749.29000000,97895.68000000,92800.01000000,94277.62000000,113820.08215000,18139708
BTCUSDT,1w,1746403200000,1747007999999,94277.61000000,104984.57000000,93377.00000000,104118.00000000,145910.00118000,22711496
BTCUSDT,1w,1747008000000,1747612799999,104118.00000000,106660.00000000,100718.37000000,106454.26000000,135512.85987000,25165975
BTCUSDT,1w,1747612800000,1748217599999,106454.27000000,111980.00000000,102000.00000000,109004.19000000,197357.63279500,32596995
BTCUSDT,1w,1748217600000,1748822399999,109004.20000000,110718.00000000,103068.55000000,105642.93000000,116099.81900000,21922278
BTCUSDT,1w,1748822400000,1749427199999,105642.93000000,106794.67000000,100372.26000000,105734.00000000,95301.97979000,17113088
BTCUSDT,1w,1749427200000,1750031999999,105734.01000000,110530.17000000,102664.31000000,105594.01000000,110085.74896000,20566821
BTCUSDT,1w,1750032000000,1750636799999,105594.02000000,108952.38000000,98200.00000000,100963.87000000,110755.93156000,22161514
BTCUSDT,1w,1750636800000,1751241599999,100963.87000000,108528.50000000,99613.33000000,108356.93000000,91938.97808000,17685328
BTCUSDT,1w,1751241600000,1751846399999,108356.93000000,110529.18000000,105100.19000000,109203.84000000,72977.17630000,12742249
BTCUSDT,1w,1751846400000,1752451199999,109203.85000000,119488.00000000,107429.57000000,119086.64000000,104658.05244000,16041013
BTCUSDT,1w,1752451200000,1753055999999,119086.65000000,123218.00000000,115736.92000000,117265.12000000,131579.68933700,18213670
BTCUSDT,1w,1753056000000,1753660799999,117265.11000000,120247.80000000,114723.16000000,119415.55000000,123158.43225000,14638922
BTCUSDT,1w,1753660800000,1754265599999,119415.56000000,119800.00000000,111920.00000000,114208.80000000,105088.62240000,15384196
BTCUSDT,1w,1754265600000,1754870399999,114208.81000000,119311.11000000,112650.00000000,119294.01000000,78822.40070000,14679773
BTCUSDT,1w,1754870400000,1755475199999,119294.27000000,124474.00000000,116803.99000000,117405.01000000,120321.12365600,20075271
BTCUSDT,1w,1755475200000,1756079999999,117405.01000000,117543.75000000,110680.00000000,113493.59000000,117920.88503000,19565205
BTCUSDT,1w,1756080000000,1756684799999,113493.59000000,113667.28000000,107350.10000000,108246.35000000,110910.33675000,20336100
BTCUSDT,1w,1756684800000,1757289599999,108246.36000000,113384.62000000,107255.00000000,111137.34000000,90809.75324000,14410797
BTCUSDT,1w,1757289600000,1757894399999,111137.35000000,116665.63000000,110621.78000000,115268.01000000,88456.94711000,13179077
BTCUSDT,1w,1757894400000,1758499199999,115268.01000000,117900.00000000,114384.00000000,115232.29000000,70729.44030000,13804006
BTCUSDT,1w,1758499200000,1759103999999,115232.29000000,115379.25000000,108620.07000000,112163.95000000,93970.57704000,17803010
BTCUSDT,1w,1759104000000,1759708799999,112163.96000000,125708.42000000,111560.65000000,123482.31000000,124480.09890300,22004480
BTCUSDT,1w,1759708800000,1760313599999,123482.32000000,126199.63000000,102000.00000000,114958.80000000,211576.35922300,41128142
BTCUSDT,1w,1760313600000,1760918399999,114958.81000000,115963.81000000,103528.23000000,108642.78000000,171795.75097000,37417004
BTCUSDT,1w,1760918400000,1761523199999,108642.77000000,115466.80000000,106666.69000000,114559.40000000,137472.95078000,26500294
BTCUSDT,1w,1761523200000,1762127999999,114559.41000000,116400.00000000,106304.34000000,110540.68000000,125045.90669000,28248538
BTCUSDT,1w,1762128000000,1762732799999,110540.69000000,110750.00000000,98944.36000000,104722.96000000,199598.71888000,40913306
BTCUSDT,1w,1762732800000,1763337599999,104722.95000000,107500.00000000,93005.55000000,94261.44000000,189823.35450000,42638619
BTCUSDT,1w,1763337600000,1763942399999,94261.45000000,96043.00000000,80600.00000000,86830.00000000,257258.09768000,53172050
BTCUSDT,1w,1763942400000,1764547199999,86830.00000000,93092.00000000,85272.00000000,90360.00000000,118687.98554000,27677999
BTCUSDT,1w,1764547200000,1765151999999,90360.01000000,94150.00000000,83822.76000000,90395.31000000,149459.29022000,38651859
BTCUSDT,1w,1765152000000,1765756799999,90395.32000000,94588.99000000,87577.36000000,88172.17000000,107997.17703000,33111321
BTCUSDT,1w,1765756800000,1766361599999,88172.16000000,90365.85000000,84450.01000000,88658.86000000,116986.93155000,35539789
BTCUSDT,1w,1766361600000,1766966399999,88658.87000000,90588.23000000,86420.00000000,87952.71000000,72081.43375000,20890682
BTCUSDT,1w,1766966400000,1767571199999,87952.71000000,91810.00000000,86806.50000000,91529.73000000,85720.05743000,21583904
BTCUSDT,1w,1767571200000,1768175999999,91529.74000000,93388.00000000,91514.81000000,92726.01000000,8628.11472000,1473697
